Lvl from,Lvl to,Cost,Diff réelle,Cumul
0,1,0,,0
1,2,100,100,100
2,3,200,100,300
3,4,300,100,600
4,5,400,100,1000
5,6,500,100,1500
6,7,600,100,2100
7,8,700,100,2800
8,9,800,100,3600
9,10,900,100,4500
10,11,1000,100,5500
11,12,1100,100,6600
12,13,1200,100,7800
13,14,1300,100,9100
14,15,1400,100,10500
15,16,1600,200,12100
16,17,1800,200,13900
17,18,2000,200,15900
18,19,2200,200,18100
19,20,2400,200,20500
20,21,2700,300,23200
21,22,3000,300,26200
22,23,3500,500,29700
23,24,4000,500,33700
24,25,5000,1000,38700
25,26,6000,1000,44700
26,27,7000,1000,51700
27,28,8000,1000,59700
28,29,9000,1000,68700
29,30,10000,1000,78700
30,31,11000,1000,89700
31,32,12000,1000,101700
32,33,13000,1000,114700
33,34,14000,1000,128700
34,35,15000,1000,143700
35,36,16000,1000,159700
36,37,17000,1000,176700
37,38,18000,1000,194700
38,39,19000,1000,213700
39,40,20000,1000,233700
40,41,21000,1000,254700
41,42,22000,1000,276700
42,43,23000,1000,299700
43,44,24000,1000,323700
44,45,25000,1000,348700
45,46,26000,1000,374700
46,47,27000,1000,401700
47,48,28000,1000,429700
48,49,29000,1000,458700
49,50,30000,1000,488700
50,51,32000,2000,520700
51,52,34000,2000,554700
52,53,36000,2000,590700
53,54,38000,2000,628700
54,55,40000,2000,668700
55,56,42000,2000,710700
56,57,44000,2000,754700
57,58,46000,2000,800700
58,59,48000,2000,848700
59,60,50000,2000,898700
60,61,53000,3000,951700
61,62,56000,3000,1007700
62,63,59000,3000,1066700
63,64,62000,3000,1128700
64,65,65000,3000,1193700
65,66,68000,3000,1261700
66,67,71000,3000,1332700
67,68,74000,3000,1406700
68,69,77000,3000,1483700
69,70,80000,3000,1563700
70,71,84000,4000,1647700
71,72,88000,4000,1735700
72,73,92000,4000,1827700
73,74,96000,4000,1923700
74,75,100000,4000,2023700
75,76,104000,4000,2127700
76,77,108000,4000,2235700
77,78,112000,4000,2347700
78,79,116000,4000,2463700
79,80,120000,4000,2583700
80,81,125000,5000,2708700
81,82,130000,5000,2838700
82,83,135000,5000,2973700
83,84,140000,5000,3113700
84,85,145000,5000,3258700
85,86,150000,5000,3408700
86,87,155000,5000,3563700
87,88,160000,5000,3723700
88,89,165000,5000,3888700
89,90,170000,5000,4058700
90,91,175000,5000,4233700
91,92,180000,5000,4413700
92,93,185000,5000,4598700
93,94,190000,5000,4788700
94,95,195000,5000,4983700
95,96,200000,5000,5183700
96,97,205000,5000,5388700
97,98,210000,5000,5598700
98,99,215000,5000,5813700
99,100,220000,5000,6033700
100,101,240000,20000,6273700
101,102,260000,20000,6533700
102,103,280000,20000,6813700
103,104,300000,20000,7113700
104,105,320000,20000,7433700
105,106,340000,20000,7773700
106,107,360000,20000,8133700
107,108,380000,20000,8513700
108,109,400000,20000,8913700
109,110,420000,20000,9333700
110,111,458000,38000,9791700
111,112,496000,38000,10287700
112,113,534000,38000,10821700
113,114,572000,38000,11393700
114,115,610000,38000,12003700
115,116,648000,38000,12651700
116,117,686000,38000,13337700
117,118,724000,38000,14061700
118,119,762000,38000,14823700
119,120,800000,38000,15623700
120,121,850000,50000,16473700
121,122,900000,50000,17373700
122,123,950000,50000,18323700
123,124,1000000,50000,19323700
124,125,1050000,50000,20373700
125,126,1100000,50000,21473700
126,127,1150000,50000,22623700
127,128,1200000,50000,23823700
128,129,1250000,50000,25073700
129,130,1300000,50000,26373700
130,131,1400000,100000,27773700
131,132,1500000,100000,29273700
132,133,1600000,100000,30873700
133,134,1700000,100000,32573700
134,135,1800000,100000,34373700
135,136,1900000,100000,36273700
136,137,2000000,100000,38273700
137,138,2100000,100000,40373700
138,139,2200000,100000,42573700
139,140,2300000,100000,44873700
140,141,2400000,100000,47273700
141,142,2600000,200000,49873700
142,143,2700000,100000,52573700
143,144,2900000,200000,55473700
144,145,3000000,100000,58473700
145,146,3200000,200000,61673700
146,147,3300000,100000,64973700
147,148,3500000,200000,68473700
148,149,3600000,100000,72073700
149,150,3800000,200000,75873700
150,151,4000000,200000,79873700
151,152,4200000,200000,84073700
152,153,4400000,200000,88473700
153,154,4600000,200000,93073700
154,155,4800000,200000,97873700
155,156,5000000,200000,102873700
156,157,5200000,200000,108073700
157,158,5400000,200000,113473700
158,159,5600000,200000,119073700
159,160,5800000,200000,124873700
160,161,6000000,200000,130873700
161,162,6300000,300000,137173700
162,163,6500000,200000,143673700
163,164,6800000,300000,150473700
164,165,7000000,200000,157473700
165,166,7300000,300000,164773700
166,167,7500000,200000,172273700
167,168,7800000,300000,180073700
168,169,8000000,200000,188073700
169,170,8300000,300000,196373700
170,171,8600000,300000,204973700
171,172,9000000,400000,213973700
172,173,9300000,300000,223273700
173,174,9700000,400000,232973700
174,175,10000000,300000,242973700
175,176,10400000,400000,253373700
176,177,10700000,300000,264073700
177,178,11100000,400000,275173700
178,179,11400000,300000,286573700
179,180,11800000,400000,298373700
180,181,12100000,300000,310473700
181,182,12500000,400000,322973700
182,183,12900000,400000,335873700
183,184,13300000,400000,349173700
184,185,13700000,400000,362873700
185,186,14200000,500000,377073700
186,187,14600000,400000,391673700
187,188,15100000,500000,406773700
188,189,15600000,500000,422373700
189,190,16000000,400000,438373700
190,191,16500000,500000,454873700
191,192,17100000,600000,471973700
192,193,17600000,500000,489573700
193,194,18100000,500000,507673700
194,195,18700000,600000,526373700
195,196,19200000,500000,545573700
196,197,19800000,600000,565373700
197,198,20400000,600000,585773700
198,199,21000000,600000,606773700
199,200,21600000,600000,628373700
200,201,22300000,700000,650673700
201,202,22900000,600000,673573700
202,203,23600000,700000,697173700
203,204,24300000,700000,721473700
204,205,25000000,700000,746473700
205,206,25700000,700000,772173700
206,207,26500000,800000,798673700
207,208,27200000,700000,825873700
208,209,28000000,800000,853873700
209,210,28800000,800000,882673700
210,211,29600000,800000,912273700
211,212,30400000,800000,942673700
212,213,31200000,800000,973873700
213,214,32100000,900000,1005973700
214,215,33000000,900000,1038973700
215,216,33900000,900000,1072873700
216,217,34800000,900000,1107673700
217,218,35800000,1000000,1143473700
218,219,36700000,900000,1180173700
219,220,37700000,1000000,1217873700
220,221,38700000,1000000,1256573700
221,222,39700000,1000000,1296273700
222,223,40800000,1100000,1337073700
223,224,41800000,1000000,1378873700
224,225,42900000,1100000,1421773700
225,226,44000000,1100000,1465773700
226,227,45200000,1200000,1510973700
227,228,46300000,1100000,1557273700
228,229,47500000,1200000,1604773700
229,230,48700000,1200000,1653473700
230,231,50000000,1300000,1703473700
231,232,51200000,1200000,1754673700
232,233,52500000,1300000,1807173700
233,234,53800000,1300000,1860973700
234,235,55100000,1300000,1916073700
235,236,56500000,1400000,1972573700
236,237,57900000,1400000,2030473700
237,238,59300000,1400000,2089773700
238,239,60700000,1400000,2150473700
239,240,62200000,1500000,2212673700
240,241,63700000,1500000,2276373700
241,242,65200000,1500000,2341573700
242,243,66700000,1500000,2408273700
243,244,68300000,1600000,2476573700
244,245,69900000,1600000,2546473700
245,246,71500000,1600000,2617973700
246,247,73200000,1700000,2691173700
247,248,74900000,1700000,2766073700
248,249,76600000,1700000,2842673700
249,250,78400000,1800000,2921073700
250,251,80200000,1800000,3001273700
251,252,82000000,1800000,3083273700
252,253,83800000,1800000,3167073700
253,254,85700000,1900000,3252773700
254,255,87600000,1900000,3340373700
255,256,89600000,2000000,3429973700
256,257,91600000,2000000,3521573700
257,258,93600000,2000000,3615173700
258,259,95700000,2100000,3710873700
259,260,97700000,2000000,3808573700
260,261,99900000,2200000,3908473700
261,262,102000000,2100000,4010473700
262,263,104200000,2200000,4114673700
263,264,106500000,2300000,4221173700
264,265,108700000,2200000,4329873700
265,266,111000000,2300000,4440873700
266,267,113400000,2400000,4554273700
267,268,115800000,2400000,4670073700
268,269,118200000,2400000,4788273700
269,270,120700000,2500000,4908973700
270,271,123200000,2500000,5032173700
271,272,125700000,2500000,5157873700
272,273,128300000,2600000,5286173700
273,274,130900000,2599999,5417073700
274,275,133600000,2700000,5550673700
275,276,136300000,2700000,5686973700
276,277,139100000,2800000,5826073700
277,278,141800000,2700000,5967873700
278,279,144700000,2900000,6112573700
279,280,147600000,2900000,6260173700
280,281,150500000,2900000,6410673700
281,282,153500000,3000000,6564173700
282,283,156500000,3000000,6720673700
283,284,159600000,3100000,6880273700
284,285,162700000,3100000,7042973700
285,286,165800000,3100000,7208773700
286,287,169000000,3200000,7377773700
287,288,172300000,3300000,7550073700
288,289,175600000,3300000,7725673700
289,290,178900000,3300000,7904573700
290,291,182300000,3400000,8086873700
291,292,185800000,3500000,8272673700
292,293,189300000,3500000,8461973700
293,294,192800000,3500000,8654773700
294,295,196400000,3600000,8851173700
295,296,200100000,3700000,9051273700
296,297,203800000,3700000,9255073700
297,298,207600000,3800000,9462673700
298,299,211400000,3800000,9674073700
299,300,215200000,3800000,9889273700
